{
  "n_estimators": 796,
  "max_depth": 5,
  "learning_rate": 0.08788729724416394,
  "num_leaves": 43,
  "feature_fraction": 0.43872924374846656,
  "bagging_fraction": 0.7748779998160253,
  "bagging_freq": 4,
  "min_child_samples": 47,
  "min_data_in_leaf": 166,
  "reg_alpha": 4.1252720074061475,
  "reg_lambda": 15.560540627868546,
  "min_gain_to_split": 0.6980892846094178
}