{
  "n_estimators": 873,
  "max_depth": 5,
  "learning_rate": 0.07244337608549148,
  "num_leaves": 51,
  "feature_fraction": 0.44124954753437307,
  "bagging_fraction": 0.7610211626718267,
  "bagging_freq": 4,
  "min_child_samples": 169,
  "min_data_in_leaf": 77,
  "reg_alpha": 12.692875416927782,
  "reg_lambda": 0.01652147025222502,
  "min_gain_to_split": 0.01083765148029836
}